statistic,value
run_mode,assignment-compliant
original_molecule_count,4200
invalid_or_removed_count,6
invalid_smiles_count,0
sanitization_failure_count,0
canonicalization_failure_count,0
duplicate_count,0
selfies_conversion_failure_count,0
selfies_too_long_count,6
usable_molecule_count,4194
train_size,3355
validation_size,419
test_size,420
vocabulary_size,52
average_atom_count,26.96638054363376
average_undirected_bond_count,29.4241773962804
selfies_length_min,9
selfies_length_mean,44.388888888888886
selfies_length_median,45.0
selfies_length_max,94
validation_unknown_tokens,3
validation_unknown_percentage,0.016074586079408454
test_unknown_tokens,0
test_unknown_percentage,0.0
