example_type,temperature,sample_id,generated_selfies,decoded_smiles,canonical_smiles,accepted,first_rejection_stage,first_rejection_reason
accepted,0.8,0,[C][N][C][C][C][=C][Branch2][Ring1][Ring2][=N][C][=Branch1][C][=O][N][C][=C][C][=C][C][=C][C][=C][Ring1][=Branch1][C][=C][Ring2][Ring1][=Branch1][C][=O][N][C][C][C][C][Branch1][C][C][C][C][=C][Ring2][Ring1][=C][Ring2][Ring1][#Branch2],C1NCCC=C(NC(=O)NC=CC2=CC=CC=C2C=C1)C=O,O=CC1=CCCNCC=Cc2ccccc2C=CNC(=O)N1,True,,
accepted,0.8,1,[N][C][=C][C][=C][C][=C][Ring1][#Branch1][O][C][=Branch1][C][=O][N][C][=C][Ring1][N][C][=C][C][=C][C][C][=C][C][=C][Ring1][#Branch1],N1C2=CC=CC=C1OC(=O)NC=C2C=CC3=CCC=CC=C3,O=c1[nH]cc(C=CC2=CCC=CC=C2)c2[nH]c(o1)=CC=CC=2,True,,
accepted,0.8,2,[C][C][Branch1][C][C][C][N][C][=C][C][Branch1][C][Cl][=C][Ring1][P][C][C][C][C][Ring1][#Branch1],C1C(C)CNC=CC(Cl)=C1CCCC,CCCCC1=C(Cl)C=CNCC(C)C1,True,,
accepted,0.8,3,[O][=C][Branch1][S][C][=C][C][=C][Ring1][=Branch1][C][C][=C][C][=C][Ring1][#Branch1][C][Branch1][C][Cl][N][C][C][C][Branch1][S][C][O][C][C][N][C][=C][Branch1][#Branch2][C][C][C][O][Ring1][=Branch1][C][=O],O=C(C=CC1=CCC=CC=C1CCl)NCCCCOCCNC2=CCCCO2,O=C(C=CC1=CCC=CC=C1CCl)NCCCCOCCNC1=CCCCO1,True,,
accepted,0.8,4,[C][C][=C][C][=C][Ring1][Branch1][C][C][C][C][N][C][Ring1][C][=C][C][=Branch1][C][=O][=C][C][=C][Ring1][=Branch1][C][=C][Ring1][=Branch1],C1C=CC=C1CCCCN=C=C2C(=O)CC=C2C=C,C=CC1=CCC(=O)C1=C=NCCCCC1=CC=CC1,True,,
accepted,0.8,5,[N][C][=Branch1][C][=O][C][=C][C][=C][C][=C][Ring1][#Branch1][C][=C][Branch1][C][F][=N][Ring1][S],N1C(=O)C=CC=CC=CC=C(F)N1,O=C1C=CC=CC=CC=C(F)NN1,True,,
rejected,0.8,17,[C][C][=C][C][=C][C][=C][Ring1][=Branch1][C][=O][N][C][=C][C][=C][Branch1][C][F][C][Cl][=C][Ring1][#Branch1][C][=N][C][Branch1][C][F][=C][Ring1][=Branch2][Ring1][O][C][Ring1][C][C][=O],CC1=CC=CC=C1C=O,,False,heavy_atom_range,outside_training_1st_99th_percentiles
rejected,0.8,285,[C][C][=C][C][=C][C][=C][Ring1][=Branch1][C][=C][Ring1][=Branch1][C][=O][N][C][C][=C][C][=N][C][=C][Ring1][#Branch1][C][=C][Ring1][=Branch1],CC1=CC2=CC=C1C=C2C=O,,False,molecular_weight_range,outside_training_1st_99th_percentiles
rejected,1.0,21,[O][=C][Branch1][C][C@@H1][Branch1][C][N][C][C][Branch1][C][N][Branch1][Ring1][C][C][C][Branch1][C][F][C][=C][C][F][=N][C][=C][Ring1][S][=C][Ring2][Ring2][Ring1][#Branch1][C][Branch1][Ring2][N][C][C][C],O=C([C@@H1])CNCC(N)(CC)C(F)C=CCF,,False,radical_electrons,nonzero_radical_electrons
