epoch,train_total_loss,train_token_loss,train_contrastive_loss,train_pair_loss,train_token_accuracy,train_perplexity,val_total_loss,val_token_loss,val_contrastive_loss,val_pair_loss,val_token_accuracy,val_perplexity,learning_rate
1,7.165197415358974,1.6972971681585693,5.298131184570836,0.6791866603800153,0.4942318930027642,5.459172208830682,6.279815945818771,1.6761266486835409,4.523823731269927,0.31873582868985745,0.4981134053034273,5.344813485238225,0.0002
2,6.444505250649374,1.713710710292321,4.646982646947824,0.33505735447971724,0.49290558951563657,5.549515964172073,5.851096368348115,1.673629204346791,4.119983999712086,0.2292080445833024,0.5002620270411906,5.3314817656117865,0.0001996917333733128
3,5.961793358173171,1.7067368985283768,4.183181217388318,0.2874425547933081,0.4915727201696618,5.5109493190229735,5.531506309645842,1.673550341104564,3.807128398685865,0.20254568709393958,0.5029347028613352,5.3310613242527785,0.00019876883405951377
4,5.609561327779346,1.6994882961429811,3.8421163044103745,0.2718059243015312,0.49412683926120954,5.471147068262996,5.121417426835381,1.6633605861136553,3.408372651421085,0.1979739133241922,0.5050833245990987,5.277014942849944,0.00019723699203976766
5,5.375843290849166,1.7000428501476688,3.606588924552929,0.2768726583120542,0.4939101659192531,5.474181956206792,4.722179485676112,1.6588195749279238,3.0211112903239905,0.1681932098896805,0.5054501624567656,5.253106284793613,0.00019510565162951534
6,5.040720638681631,1.6991334251716192,3.27724323834108,0.2577254185466937,0.4937460194480739,5.469205861447764,4.582174443401983,1.658502221907126,2.8766434027642225,0.1873081646557355,0.5059218111309087,5.251439460145471,0.00019238795325112864
7,4.817908763174861,1.699785645964263,3.051604430774996,0.26650829487070776,0.4941202734023624,5.472774154760903,4.101513089883299,1.6607391024495481,2.39952903886399,0.16415396041119013,0.5047164867414318,5.263199450837199,0.00018910065241883674
8,4.535556040506605,1.699115899668436,2.769538209868259,0.2678066462278366,0.49359500469458906,5.469110011702939,3.876369286835336,1.65907925531657,2.1764312689514886,0.1625940229272501,0.5050833245990987,5.254470590609315,0.0001852640164354092
9,4.337186596681393,1.6973481827934127,2.574418540576531,0.26243293172556315,0.49486878131093937,5.459450713611312,3.9207434796490364,1.6566087426772946,2.2188504447800446,0.18028335283934926,0.5047688921496698,5.241505376559463,0.00018090169943749473
10,4.225881829098333,1.6955738658824504,2.465225122866794,0.2605651511698295,0.4944879614978037,5.449772506527912,3.49963282742193,1.655483590327098,1.8075061709328881,0.14572511776961689,0.5071271355203857,5.235611201011013,0.00017604059656000309
11,4.124873901443936,1.6951182434020566,2.365209426574309,0.2583542734162463,0.49415310269659823,5.447290033239169,3.6130776650012253,1.6539575981464092,1.9163129002495995,0.17039829844648913,0.507651189602767,5.227627792116134,0.00017071067811865473
12,3.982850544214604,1.690790354823964,2.2289776789982167,0.2526570278201835,0.49573547467876533,5.423765710964346,3.3470285627324143,1.6502501822507503,1.660412754250028,0.14463891508613394,0.5049785137826224,5.208282684081664,0.00016494480483301836
13,3.856007012951392,1.6906519904425978,2.1044069558781766,0.24354014564999524,0.4954137475952542,5.423015306892868,3.300586860333536,1.6496987158541734,1.614095470501301,0.14635858387821898,0.5072843517451001,5.20541128301089,0.0001587785252292473
14,3.7435541350511077,1.6888486779107197,1.994182662308305,0.2420401651173519,0.49621478237460853,5.413244727781033,3.329248970618965,1.647996876108835,1.641239868997105,0.15924827971435673,0.5085420815428152,5.196560041032617,0.00015224985647159484
15,3.722386171707631,1.6865690689740072,1.9755329827970969,0.24181046690208902,0.49608346519766516,5.400918701320811,3.200085528995086,1.6476805765365683,1.5151089694448758,0.14835627718444086,0.5079132166439576,5.1949166312329895,0.00014539904997395463
16,3.6356713642484206,1.6850573334939023,1.8915374009335628,0.23651842107627147,0.495604157501822,5.392760109265168,3.158982431120406,1.6475314253431836,1.4727861050489695,0.15385679128915428,0.5070223247039094,5.194141860998297,0.00013826834323650894
17,3.532114463627072,1.683536437943435,1.7908231508891734,0.2309982287990354,0.4975410858617361,5.384564518308943,3.066955824171444,1.6455641824761074,1.3846848284145528,0.14599295255676945,0.5095901897075779,5.183933766664196,0.0001309016994374947
18,3.4727183017929693,1.6817149247188485,1.7337120661081749,0.22929730290094538,0.4974360321201815,5.374765390160345,3.0545325552364524,1.641412230729182,1.375724478097975,0.14875214882995177,0.5102714600146735,5.162454944178599,0.00012334453638559052
19,3.3927883018857496,1.6808541303984872,1.6550530334787468,0.2273113117976622,0.49765927132098514,5.3701408133295105,2.9333446498133404,1.640560867926095,1.258005180620635,0.13828342064752783,0.5110051357300074,5.158061692457421,0.00011564344650402305
20,3.3303363591832302,1.6773705502669036,1.5970725235569494,0.2238056913440167,0.49792847153371894,5.351466043901631,2.8418535309930406,1.6365595047497148,1.1711018412665137,0.1359543362565712,0.5095377842993397,5.1374636519429036,0.00010784590957278446
21,3.230464618429875,1.675671675933575,1.4998281412614973,0.21991064293107404,0.49881486247808643,5.342382293853644,2.7708030179463026,1.6354315918567184,1.1021359826044705,0.13211431690360595,0.511686406037103,5.131672307132789,9.999999999999996e-05
22,3.1861694619481504,1.673502120014549,1.458824283435341,0.21631743657429064,0.4981320131579811,5.330804260862775,2.751450094801145,1.633878625253876,1.08450064198214,0.13143277264295727,0.51289173042658,5.123709176261623,9.215409042721548e-05
23,3.156292349464314,1.6711079835035438,1.431813419460362,0.21380755281750385,0.5007583566968478,5.318056853354583,2.762250158268967,1.6332816597101212,1.0954587217731522,0.1332110057724973,0.5104810816476261,5.120651411208171,8.43565534959769e-05
24,3.1058540596514272,1.668082421668453,1.3855103568241955,0.20942267005827317,0.5011588740865249,5.301991059783723,2.658854975051698,1.6287494686874076,0.9993820292852943,0.12205597777853149,0.5106907032805785,5.0974961525151645,7.665546361440944e-05
25,3.0492609821382115,1.6681180717902786,1.3301220232967825,0.20453223461721054,0.49981287302285576,5.302180079780195,2.6507787397198004,1.6263898892193243,0.9931517350076207,0.12412007958550442,0.5126821087936275,5.085482384549173,6.909830056250523e-05
26,3.0205476151848694,1.6640552405234712,1.305596724689984,0.20330014521958398,0.5014674694523417,5.280681918043447,2.646178960800171,1.625227268268672,0.9894100413402112,0.12533928998045818,0.5117912168535793,5.079573331844558,6.1731656763491e-05
27,2.990286246710492,1.6633135024162329,1.276525611005135,0.20193227690751436,0.5008831080149438,5.276766487324229,2.643753538268278,1.6239180058169047,0.9881675354336212,0.12584988406563716,0.5122628655277225,5.072927188932242,5.46009500260453e-05
28,2.9471032235732553,1.662491339238909,1.2351415861647814,0.19763665092240149,0.5010800837803588,5.272429907155556,2.5796125043263585,1.6220720727767801,0.9275508733524058,0.11914477123921129,0.5126821087936275,5.063571542628947,4.77501435284051e-05
29,2.9374778333968092,1.660550403150234,1.2275273659545511,0.19761819125287758,0.501953343007032,5.262206382487273,2.5828909623594445,1.6214118918749336,0.9311701460499183,0.12042056916721681,0.513310973692485,5.060229772609115,4.122147477075268e-05
30,2.9231155831838684,1.659220677525335,1.2148570664060454,0.19660387197301213,0.502504875150194,5.255213741993946,2.5679979466595344,1.6194744361994988,0.91877148600922,0.1181884945719225,0.5134157845089613,5.050435292966078,3.505519516698163e-05
31,2.9166191612377252,1.6580457579927312,1.2097391929516317,0.19562534653038985,0.502701850915609,5.249042914543191,2.5653699792939326,1.618863696254108,0.916745470076586,0.11822444259195737,0.5149355413478671,5.047351732113794,2.928932188134524e-05
32,2.901775667280092,1.6563873639556996,1.1968923606034008,0.19386660948329107,0.5024589141382638,5.240345147229748,2.5521044463701634,1.618165003255083,0.9045521097706725,0.11673467981502378,0.5134157845089613,5.043826414495731,2.3959403439996893e-05
33,2.879123520211562,1.6553414226111334,1.175714334938814,0.1922826550934247,0.5021240553370584,5.234866919032575,2.5420189444375776,1.6173377788587882,0.8956771107448314,0.11519905590498931,0.5147259197149145,5.03965576350494,1.9098300562505256e-05
34,2.8717807445014465,1.655675486534505,1.1681171468135674,0.19207120729629756,0.5028200363748581,5.236615991348589,2.5313097013778503,1.6162260092475507,0.886172238710672,0.1148365033092533,0.5147259197149145,5.034055940809124,1.4735983564590774e-05
35,2.869673040620261,1.654755722961151,1.1673344959800538,0.19077560165688817,0.5021700163489885,5.231801757030173,2.5186581753887824,1.6159698930117534,0.8743200947959554,0.11266062396238413,0.5151975683890577,5.032766802442452,1.0899347581163216e-05
36,2.8612075823429977,1.6537251579947243,1.159846620996734,0.1913707915121681,0.5031614610349107,5.226412822728486,2.5112244070003027,1.6158812502722184,0.8669960350865111,0.11257928254211717,0.5150403521643434,5.032320703977629,7.612046748871322e-06
37,2.8487070959477774,1.6552131304234303,1.1462058888462368,0.1894383848468522,0.5031089341641334,5.234195369581393,2.5132357061336035,1.6159584303282553,0.8688241287461329,0.1130058682725936,0.5150403521643434,5.032709113760109,4.894348370484644e-06
38,2.8494954759424385,1.6544710584835316,1.147651788792205,0.1894807724812347,0.5034175295299501,5.230312660872445,2.5052915928187405,1.615755050371758,0.8613573883200033,0.11191018999760931,0.515302379205534,5.03168566567743,2.763007960232343e-06
39,2.842264397524508,1.652926986063602,1.1421427597232086,0.1889211959348528,0.5029513535518013,5.222242911087521,2.5080720416685844,1.6157610871646655,0.86403477504885,0.11229791305514679,0.5151975683890577,5.031716041013454,1.2311659404862334e-06
40,2.8338490930648215,1.6558769739445214,1.1308509536853668,0.18827382824015865,0.502544270303277,5.237671209844987,2.508217183957521,1.6157339267817674,0.8641928017566198,0.11235493026798267,0.5151975683890577,5.031579379535044,3.082666266872035e-07
