epoch,train_token_loss,val_token_loss,train_token_accuracy,val_token_accuracy,train_perplexity,val_perplexity,learning_rate
1,2.969767221212223,2.5478833705396124,0.3248589981812571,0.3519023163190441,19.487382818669357,12.780024557946653,0.0003
2,2.4227626114230736,2.262312845468596,0.36111567073531053,0.39408866995073893,11.276970208155404,9.605279022080442,0.0002967221401100708
3,2.19351874946312,2.111404208726646,0.40353111888800614,0.42212556335813856,8.9667092720947,8.259831672775611,0.0002870318186463901
4,2.0574013306989802,1.987446781974483,0.4320860390143333,0.43428361806938476,7.825607198741641,7.2968794340587735,0.0002713525491562421
5,1.9519855062281386,1.8946919619143727,0.44465965870665713,0.44948118645844254,7.042656947099088,6.650499481947079,0.00025036959095382875
6,1.8752917457409446,1.8258454974324132,0.45727267355206397,0.4605911330049261,6.522721819074571,6.20804168407563,0.00022500000000000002
7,1.8191646009005193,1.7716308119361748,0.46778461356637757,0.4723823498585054,6.166704637937062,5.880435430272371,0.00019635254915624213
8,1.773860728419076,1.7333921557414358,0.4773510699066991,0.48024316109422494,5.893562941351897,5.659820374409465,0.00016567926949014806
9,1.7408158384884744,1.7066759690150388,0.4846260415093596,0.4857457289592286,5.701993431288346,5.510613549792167,0.00013432073050985205
10,1.7172474063804775,1.6748445414357336,0.4893797233147082,0.49816581071166544,5.569177663807416,5.337965252153352,0.00010364745084375793
11,1.6993236788364745,1.6598078534233534,0.49283993092716494,0.5000524054082381,5.470246496895967,5.258300382954085,7.500000000000006e-05
12,1.685609870715167,1.6488541563955845,0.4954137475952542,0.5041400272508123,5.395740633300293,5.201016859613106,4.963040904617133e-05
13,1.6766940347379864,1.6406830889963027,0.4983355547822433,0.5039304056178597,5.347846918355806,5.158692154804777,2.8647450843757904e-05
14,1.6718740374106011,1.6376428876316982,0.4979416032514133,0.505659784089718,5.322132332404068,5.1430325081773,1.2968181353609857e-05
15,1.670086118573569,1.63613744788969,0.4996290289751351,0.506026621947385,5.312625293193588,5.135295807674426,3.2778598899291478e-06
