temperature,stage,first_failure_count,cumulative_pass_count,attempted_count
0.8,selfies_decode,0,300,300
0.8,rdkit_parse,0,300,300
0.8,rdkit_sanitize,0,300,300
0.8,connected_components,0,300,300
0.8,elements_and_dummy_atoms,0,300,300
0.8,radical_electrons,0,300,300
0.8,heavy_atom_range,25,275,300
0.8,molecular_weight_range,2,273,300
0.8,formal_charge,0,273,300
0.8,canonicalization,0,273,300
0.8,accepted,273,273,300
1.0,selfies_decode,0,300,300
1.0,rdkit_parse,0,300,300
1.0,rdkit_sanitize,0,300,300
1.0,connected_components,0,300,300
1.0,elements_and_dummy_atoms,0,300,300
1.0,radical_electrons,9,291,300
1.0,heavy_atom_range,38,253,300
1.0,molecular_weight_range,3,250,300
1.0,formal_charge,0,250,300
1.0,canonicalization,0,250,300
1.0,accepted,250,250,300
1.2,selfies_decode,0,300,300
1.2,rdkit_parse,0,300,300
1.2,rdkit_sanitize,0,300,300
1.2,connected_components,0,300,300
1.2,elements_and_dummy_atoms,0,300,300
1.2,radical_electrons,49,251,300
1.2,heavy_atom_range,67,184,300
1.2,molecular_weight_range,1,183,300
1.2,formal_charge,0,183,300
1.2,canonicalization,0,183,300
1.2,accepted,183,183,300
